"시도명(1)","시점","시군구(1)",계,계,계,계,계
"시도명(1)","시점","시군구(1)",소계,경형,소형,중형,대형
"부산","2014.01","금정구",8120,567,2663,4704,186
"부산","2014.01","기장군",4179,340,1460,2254,125
"부산","2014.01","남구",10862,740,3316,6507,299
"부산","2014.01","동구",4302,442,1150,2578,132
"부산","2014.01","동래구",8642,660,2969,4815,198
"부산","2014.01","부산진구",17230,841,6973,9070,346
"부산","2014.01","북구",8610,454,2790,5157,209
"부산","2014.01","사상구",10194,613,3375,6021,185
"부산","2014.01","사하구",11055,506,3419,6830,300
"부산","2014.01","서구",6247,245,2113,3760,129
"부산","2014.01","수영구",6229,437,2139,3479,174
"부산","2014.01","연제구",6674,419,1965,4096,194
"부산","2014.01","영도구",6272,286,1962,3891,133
"부산","2014.01","해운대구",12005,705,3717,7131,452
"부산","2014.01","부산기타",25,0,17,8,0
"부산","2014.02","금정구",8117,557,2665,4713,182
"부산","2014.02","기장군",4184,344,1460,2251,129
"부산","2014.02","남구",10894,740,3322,6525,307
"부산","2014.02","동구",4306,437,1151,2584,134
"부산","2014.02","동래구",8664,668,2965,4833,198
"부산","2014.02","부산진구",17201,828,6945,9077,351
"부산","2014.02","북구",8606,459,2773,5161,213
"부산","2014.02","사상구",10208,622,3375,6032,179
"부산","2014.02","사하구",11062,506,3414,6834,308
"부산","2014.02","서구",6249,246,2105,3772,126
"부산","2014.02","수영구",6226,433,2133,3480,180
"부산","2014.02","연제구",6676,410,1966,4101,199
"부산","2014.02","영도구",6268,287,1961,3888,132
"부산","2014.02","해운대구",11996,701,3715,7127,453
"부산","2014.02","부산기타",25,0,17,8,0
"부산","2014.03","금정구",8128,551,2663,4728,186
"부산","2014.03","기장군",4208,345,1461,2269,133
"부산","2014.03","남구",10903,733,3318,6539,313
"부산","2014.03","동구",4319,437,1143,2603,136
"부산","2014.03","동래구",8666,663,2964,4844,195
"부산","2014.03","부산진구",17229,820,6939,9122,348
"부산","2014.03","북구",8611,451,2765,5178,217
"부산","2014.03","사상구",10222,627,3366,6056,173
"부산","2014.03","사하구",11114,509,3393,6890,322
"부산","2014.03","서구",6252,246,2106,3772,128
"부산","2014.03","수영구",6231,438,2132,3488,173
"부산","2014.03","연제구",6709,412,1960,4134,203
"부산","2014.03","영도구",6263,285,1959,3877,142
"부산","2014.03","해운대구",11998,696,3704,7140,458
"부산","2014.03","부산기타",25,0,17,8,0
"부산","2014.04","금정구",8146,552,2660,4750,184
"부산","2014.04","기장군",4235,349,1460,2299,127
"부산","2014.04","남구",10900,736,3302,6564,298
"부산","2014.04","동구",4311,434,1137,2599,141
"부산","2014.04","동래구",8675,657,2950,4873,195
"부산","2014.04","부산진구",17245,821,6919,9152,353
"부산","2014.04","북구",8622,453,2751,5199,219
"부산","2014.04","사상구",10240,622,3358,6083,177
"부산","2014.04","사하구",11127,495,3386,6914,332
"부산","2014.04","서구",6277,253,2092,3798,134
"부산","2014.04","수영구",6312,444,2140,3560,168
"부산","2014.04","연제구",6732,404,1962,4163,203
"부산","2014.04","영도구",6273,282,1953,3888,150
"부산","2014.04","해운대구",11999,684,3685,7167,463
"부산","2014.04","부산기타",25,0,17,8,0
"부산","2014.05","금정구",8173,545,2656,4785,187
"부산","2014.05","기장군",4261,346,1459,2319,137
"부산","2014.05","남구",10907,733,3297,6572,305
"부산","2014.05","동구",4321,437,1129,2613,142
"부산","2014.05","동래구",8687,644,2943,4892,208
"부산","2014.05","부산진구",17298,806,6911,9210,371
"부산","2014.05","북구",8610,447,2748,5196,219
"부산","2014.05","사상구",10225,619,3350,6074,182
"부산","2014.05","사하구",11125,488,3379,6920,338
"부산","2014.05","서구",6275,249,2085,3807,134
"부산","2014.05","수영구",6340,443,2146,3589,162
"부산","2014.05","연제구",6739,406,1957,4173,203
"부산","2014.05","영도구",6272,279,1949,3894,150
"부산","2014.05","해운대구",12015,683,3680,7184,468
"부산","2014.05","부산기타",25,0,17,8,0
"부산","2014.06","금정구",8165,545,2644,4789,187
"부산","2014.06","기장군",4272,343,1460,2330,139
"부산","2014.06","남구",10920,729,3282,6596,313
"부산","2014.06","동구",4318,428,1125,2625,140
"부산","2014.06","동래구",8703,629,2945,4926,203
"부산","2014.06","부산진구",17335,796,6908,9258,373
"부산","2014.06","북구",8614,439,2742,5219,214
"부산","2014.06","사상구",10235,615,3345,6087,188
"부산","2014.06","사하구",11123,481,3375,6927,340
"부산","2014.06","서구",6265,245,2079,3807,134
"부산","2014.06","수영구",6363,442,2143,3611,167
"부산","2014.06","연제구",6763,410,1950,4201,202
"부산","2014.06","영도구",6278,276,1943,3910,149
"부산","2014.06","해운대구",12051,679,3674,7225,473
"부산","2014.06","부산기타",25,0,17,8,0
"부산","2014.07","금정구",8199,538,2640,4829,192
"부산","2014.07","기장군",4297,336,1468,2357,136
"부산","2014.07","남구",10959,724,3262,6656,317
"부산","2014.07","동구",4323,426,1121,2634,142
"부산","2014.07","동래구",8705,628,2936,4930,211
"부산","2014.07","부산진구",17372,787,6905,9309,371
"부산","2014.07","북구",8651,433,2742,5264,212
"부산","2014.07","사상구",10267,599,3336,6135,197
"부산","2014.07","사하구",11131,478,3359,6952,342
"부산","2014.07","서구",6263,241,2074,3805,143
"부산","2014.07","수영구",6367,431,2139,3622,175
"부산","2014.07","연제구",6769,405,1946,4215,203
"부산","2014.07","영도구",6284,271,1931,3928,154
"부산","2014.07","해운대구",12102,676,3661,7280,485
"부산","2014.07","부산기타",25,0,17,8,0
"부산","2014.08","금정구",8189,537,2633,4833,186
"부산","2014.08","기장군",4335,336,1467,2385,147
"부산","2014.08","남구",10984,726,3265,6665,328
"부산","2014.08","동구",4339,432,1116,2645,146
"부산","2014.08","동래구",8744,630,2936,4969,209
"부산","2014.08","부산진구",17441,795,6898,9372,376
"부산","2014.08","북구",8684,438,2742,5289,215
"부산","2014.08","사상구",10256,587,3337,6136,196
"부산","2014.08","사하구",11141,471,3353,6970,347
"부산","2014.08","서구",6266,241,2067,3816,142
"부산","2014.08","수영구",6392,434,2140,3642,176
"부산","2014.08","연제구",6761,403,1930,4229,199
"부산","2014.08","영도구",6324,273,1926,3969,156
"부산","2014.08","해운대구",12125,671,3660,7302,492
"부산","2014.08","부산기타",25,0,17,8,0
"부산","2014.09","금정구",8229,534,2629,4868,198
"부산","2014.09","기장군",4349,336,1471,2397,145
"부산","2014.09","남구",11008,725,3247,6705,331
"부산","2014.09","동구",4351,424,1114,2668,145
"부산","2014.09","동래구",8745,624,2931,4977,213
"부산","2014.09","부산진구",17484,779,6891,9418,396
"부산","2014.09","북구",8677,434,2733,5287,223
"부산","2014.09","사상구",10271,594,3331,6151,195
"부산","2014.09","사하구",11150,473,3338,6997,342
"부산","2014.09","서구",6289,238,2058,3850,143
"부산","2014.09","수영구",6397,427,2140,3657,173
"부산","2014.09","연제구",6763,405,1926,4238,194
"부산","2014.09","영도구",6346,274,1918,3993,161
"부산","2014.09","해운대구",12138,673,3649,7330,486
"부산","2014.09","부산기타",25,0,17,8,0
"부산","2014.10","금정구",8253,532,2627,4888,206
"부산","2014.10","기장군",4367,339,1469,2410,149
"부산","2014.10","남구",11006,707,3248,6727,324
"부산","2014.10","동구",4359,425,1106,2680,148
"부산","2014.10","동래구",8751,620,2927,4990,214
"부산","2014.10","부산진구",17474,766,6870,9432,406
"부산","2014.10","북구",8691,434,2728,5304,225
"부산","2014.10","사상구",10274,597,3328,6158,191
"부산","2014.10","사하구",11196,473,3327,7047,349
"부산","2014.10","서구",6304,229,2063,3867,145
"부산","2014.10","수영구",6417,422,2150,3667,178
"부산","2014.10","연제구",6758,401,1919,4238,200
"부산","2014.10","영도구",6331,278,1916,3977,160
"부산","2014.10","해운대구",12164,677,3638,7348,501
"부산","2014.10","부산기타",26,1,17,8,0
"부산","2014.11","금정구",8212,527,2608,4870,207
"부산","2014.11","기장군",4368,338,1465,2418,147
"부산","2014.11","남구",10962,699,3241,6696,326
"부산","2014.11","동구",4344,422,1102,2670,150
"부산","2014.11","동래구",8714,614,2901,4991,208
"부산","2014.11","부산진구",17458,762,6851,9431,414
"부산","2014.11","북구",8653,427,2703,5299,224
"부산","2014.11","사상구",10246,592,3313,6144,197
"부산","2014.11","사하구",11153,471,3309,7032,341
"부산","2014.11","서구",6288,231,2052,3864,141
"부산","2014.11","수영구",6384,413,2123,3674,174
"부산","2014.11","연제구",6737,400,1909,4228,200
"부산","2014.11","영도구",6330,274,1909,3981,166
"부산","2014.11","해운대구",12155,669,3640,7340,506
"부산","2014.11","부산기타",416,15,166,225,10
"부산","2014.12","금정구",8214,527,2615,4867,205
"부산","2014.12","기장군",4407,341,1474,2445,147
"부산","2014.12","남구",10898,684,3218,6670,326
"부산","2014.12","동구",4323,419,1096,2659,149
"부산","2014.12","동래구",8654,611,2894,4944,205
"부산","2014.12","부산진구",17423,758,6820,9432,413
"부산","2014.12","북구",8636,425,2700,5290,221
"부산","2014.12","사상구",10250,589,3301,6160,200
"부산","2014.12","사하구",11120,462,3284,7031,343
"부산","2014.12","서구",6296,231,2045,3878,142
"부산","2014.12","수영구",6386,413,2121,3675,177
"부산","2014.12","연제구",6746,396,1910,4246,194
"부산","2014.12","영도구",6322,275,1900,3981,166
"부산","2014.12","해운대구",12134,657,3624,7358,495
"부산","2014.12","부산기타",26,1,17,8,0
"부산","2015.01","금정구",8189,532,2602,4854,201
"부산","2015.01","기장군",4427,337,1478,2462,150
"부산","2015.01","남구",10888,680,3202,6676,330
"부산","2015.01","동구",4332,415,1096,2669,152
"부산","2015.01","동래구",8622,610,2883,4926,203
"부산","2015.01","부산진구",17404,757,6788,9433,426
"부산","2015.01","북구",8642,428,2705,5289,220
"부산","2015.01","사상구",10172,579,3289,6100,204
"부산","2015.01","사하구",11097,458,3277,7019,343
"부산","2015.01","서구",6273,226,2031,3874,142
"부산","2015.01","수영구",6380,407,2112,3685,176
"부산","2015.01","연제구",6743,392,1910,4240,201
"부산","2015.01","영도구",6305,272,1898,3973,162
"부산","2015.01","해운대구",12120,653,3610,7353,504
"부산","2015.01","부산기타",26,1,17,8,0
"부산","2015.02","금정구",8160,525,2599,4833,203
"부산","2015.02","기장군",4442,336,1480,2474,152
"부산","2015.02","남구",10877,673,3183,6683,338
"부산","2015.02","동구",4280,404,1087,2665,124
"부산","2015.02","동래구",8574,607,2868,4892,207
"부산","2015.02","부산진구",17402,761,6782,9421,438
"부산","2015.02","북구",8631,425,2699,5282,225
"부산","2015.02","사상구",10164,573,3281,6097,213
"부산","2015.02","사하구",11091,457,3262,7024,348
"부산","2015.02","서구",6268,219,2029,3872,148
"부산","2015.02","수영구",6360,408,2110,3660,182
"부산","2015.02","연제구",6775,394,1902,4275,204
"부산","2015.02","영도구",6318,274,1892,3996,156
"부산","2015.02","해운대구",12142,652,3611,7374,505
"부산","2015.02","부산기타",26,1,17,8,0
"부산","2015.03","금정구",8153,527,2590,4825,211
"부산","2015.03","기장군",4436,333,1490,2462,151
"부산","2015.03","남구",10895,668,3184,6700,343
"부산","2015.03","동구",4277,404,1080,2670,123
"부산","2015.03","동래구",8577,600,2856,4905,216
"부산","2015.03","부산진구",17424,755,6773,9446,450
"부산","2015.03","북구",8606,425,2684,5275,222
"부산","2015.03","사상구",10167,570,3263,6119,215
"부산","2015.03","사하구",11105,460,3251,7040,354
"부산","2015.03","서구",6250,220,2013,3868,149
"부산","2015.03","수영구",6369,408,2096,3674,191
"부산","2015.03","연제구",6759,394,1897,4262,206
"부산","2015.03","영도구",6323,275,1877,4013,158
"부산","2015.03","해운대구",12131,649,3603,7382,497
"부산","2015.03","부산기타",26,1,17,8,0
"부산","2015.04","금정구",8158,526,2578,4840,214
"부산","2015.04","기장군",4443,329,1496,2466,152
"부산","2015.04","남구",10892,650,3164,6738,340
"부산","2015.04","동구",4271,397,1080,2666,128
"부산","2015.04","동래구",8592,600,2851,4920,221
"부산","2015.04","부산진구",17421,757,6736,9451,477
"부산","2015.04","북구",8612,421,2687,5276,228
"부산","2015.04","사상구",10189,565,3255,6144,225
"부산","2015.04","사하구",11091,451,3241,7047,352
"부산","2015.04","서구",6236,224,2015,3844,153
"부산","2015.04","수영구",6372,398,2083,3697,194
"부산","2015.04","연제구",6729,386,1894,4242,207
"부산","2015.04","영도구",6336,273,1865,4028,170
"부산","2015.04","해운대구",12121,649,3580,7379,513
"부산","2015.04","부산기타",26,1,17,8,0
"부산","2015.05","금정구",8145,526,2564,4836,219
"부산","2015.05","기장군",4459,328,1496,2481,154
"부산","2015.05","남구",10846,629,3145,6729,343
"부산","2015.05","동구",4273,395,1075,2675,128
"부산","2015.05","동래구",8585,598,2834,4934,219
"부산","2015.05","부산진구",17456,747,6718,9497,494
"부산","2015.05","북구",8597,415,2673,5272,237
"부산","2015.05","사상구",10186,557,3258,6146,225
"부산","2015.05","사하구",11097,448,3218,7077,354
"부산","2015.05","서구",6246,224,2021,3847,154
"부산","2015.05","수영구",6419,404,2077,3745,193
"부산","2015.05","연제구",6702,377,1881,4233,211
"부산","2015.05","영도구",6322,276,1860,4018,168
"부산","2015.05","해운대구",12174,651,3580,7423,520
"부산","2015.05","부산기타",26,1,17,8,0
"부산","2015.06","금정구",8122,512,2544,4849,217
"부산","2015.06","기장군",4483,327,1496,2505,155
"부산","2015.06","남구",10898,610,3136,6801,351
"부산","2015.06","동구",4310,396,1068,2715,131
"부산","2015.06","동래구",8597,597,2816,4955,229
"부산","2015.06","부산진구",17471,745,6701,9503,522
"부산","2015.06","북구",8606,415,2653,5301,237
"부산","2015.06","사상구",10153,555,3242,6126,230
"부산","2015.06","사하구",11125,449,3210,7108,358
"부산","2015.06","서구",6229,215,2003,3858,153
"부산","2015.06","수영구",6435,397,2064,3771,203
"부산","2015.06","연제구",6723,370,1875,4262,216
"부산","2015.06","영도구",6327,272,1853,4027,175
"부산","2015.06","해운대구",12172,642,3561,7444,525
"부산","2015.06","부산기타",26,1,17,8,0
"부산","2015.07","금정구",8111,507,2541,4842,221
"부산","2015.07","기장군",4492,320,1501,2522,149
"부산","2015.07","남구",10935,600,3141,6828,366
"부산","2015.07","동구",4322,390,1066,2730,136
"부산","2015.07","동래구",8585,586,2812,4954,233
"부산","2015.07","부산진구",17501,740,6688,9530,543
"부산","2015.07","북구",8614,412,2658,5304,240
"부산","2015.07","사상구",10175,555,3237,6152,231
"부산","2015.07","사하구",11124,451,3195,7114,364
"부산","2015.07","서구",6247,227,1992,3873,155
"부산","2015.07","수영구",6437,388,2059,3776,214
"부산","2015.07","연제구",6737,367,1871,4282,217
"부산","2015.07","영도구",6325,274,1846,4030,175
"부산","2015.07","해운대구",12146,637,3543,7430,536
"부산","2015.07","부산기타",26,1,17,8,0
"부산","2015.08","금정구",8113,502,2531,4859,221
"부산","2015.08","기장군",4525,312,1503,2562,148
"부산","2015.08","남구",10938,600,3133,6836,369
"부산","2015.08","동구",4312,381,1065,2734,132
"부산","2015.08","동래구",8594,603,2794,4963,234
"부산","2015.08","부산진구",17519,745,6662,9567,545
"부산","2015.08","북구",8643,422,2657,5318,246
"부산","2015.08","사상구",10188,563,3229,6165,231
"부산","2015.08","사하구",11116,449,3186,7117,364
"부산","2015.08","서구",6264,227,1990,3888,159
"부산","2015.08","수영구",6452,390,2052,3789,221
"부산","2015.08","연제구",6778,370,1877,4306,225
"부산","2015.08","영도구",6350,279,1839,4052,180
"부산","2015.08","해운대구",12131,631,3530,7432,538
"부산","2015.08","부산기타",26,1,17,8,0
"부산","2015.09","금정구",8134,504,2526,4877,227
"부산","2015.09","기장군",4555,320,1500,2577,158
"부산","2015.09","남구",10951,598,3136,6845,372
"부산","2015.09","동구",4336,381,1068,2752,135
"부산","2015.09","동래구",8584,588,2785,4979,232
"부산","2015.09","부산진구",17549,735,6654,9589,571
"부산","2015.09","북구",8656,424,2662,5325,245
"부산","2015.09","사상구",10177,556,3220,6168,233
"부산","2015.09","사하구",11132,453,3190,7116,373
"부산","2015.09","서구",6264,220,1993,3892,159
"부산","2015.09","수영구",6473,392,2045,3805,231
"부산","2015.09","연제구",6771,371,1866,4308,226
"부산","2015.09","영도구",6370,282,1819,4083,186
"부산","2015.09","해운대구",12159,647,3518,7453,541
"부산","2015.09","부산기타",26,1,17,8,0
"부산","2015.10","금정구",8152,495,2531,4896,230
"부산","2015.10","기장군",4564,325,1502,2573,164
"부산","2015.10","남구",10909,592,3125,6821,371
"부산","2015.10","동구",4299,342,1062,2754,141
"부산","2015.10","동래구",8568,581,2788,4949,250
"부산","2015.10","부산진구",17595,733,6647,9646,569
"부산","2015.10","북구",8686,416,2670,5349,251
"부산","2015.10","사상구",10168,549,3208,6182,229
"부산","2015.10","사하구",11154,445,3183,7148,378
"부산","2015.10","서구",6228,219,1983,3873,153
"부산","2015.10","수영구",6499,390,2052,3812,245
"부산","2015.10","연제구",6755,370,1853,4309,223
"부산","2015.10","영도구",6366,283,1816,4072,195
"부산","2015.10","해운대구",12192,646,3515,7481,550
"부산","2015.10","부산기타",26,1,17,8,0
"부산","2015.11","금정구",8135,495,2513,4898,229
"부산","2015.11","기장군",4591,325,1517,2581,168
"부산","2015.11","남구",10918,610,3118,6814,376
"부산","2015.11","동구",4292,339,1059,2754,140
"부산","2015.11","동래구",8570,576,2773,4965,256
"부산","2015.11","부산진구",17548,722,6638,9606,582
"부산","2015.11","북구",8712,412,2671,5368,261
"부산","2015.11","사상구",10146,543,3201,6173,229
"부산","2015.11","사하구",11135,443,3169,7143,380
"부산","2015.11","서구",6230,216,1979,3877,158
"부산","2015.11","수영구",6480,390,2041,3806,243
"부산","2015.11","연제구",6764,360,1859,4308,237
"부산","2015.11","영도구",6383,279,1814,4097,193
"부산","2015.11","해운대구",12200,650,3516,7487,547
"부산","2015.11","부산기타",26,1,17,8,0
"부산","2015.12","금정구",8118,486,2522,4880,230
"부산","2015.12","기장군",4572,321,1518,2566,167
"부산","2015.12","남구",10883,604,3106,6802,371
"부산","2015.12","동구",4292,336,1070,2747,139
"부산","2015.12","동래구",8524,569,2727,4968,260
"부산","2015.12","부산진구",17551,715,6623,9619,594
"부산","2015.12","북구",8719,412,2673,5373,261
"부산","2015.12","사상구",10118,540,3199,6153,226
"부산","2015.12","사하구",11112,439,3146,7143,384
"부산","2015.12","서구",6213,214,1967,3876,156
"부산","2015.12","수영구",6474,393,2039,3796,246
"부산","2015.12","연제구",6722,358,1857,4272,235
"부산","2015.12","영도구",6374,278,1800,4099,197
"부산","2015.12","해운대구",12202,640,3528,7487,547
"부산","2015.12","부산기타",26,1,17,8,0
"부산","2016.01","금정구",8086,480,2507,4862,237
"부산","2016.01","기장군",4586,320,1519,2575,172
"부산","2016.01","남구",10834,604,3093,6771,366
"부산","2016.01","동구",4302,334,1082,2744,142
"부산","2016.01","동래구",8494,556,2730,4953,255
"부산","2016.01","부산진구",17495,707,6614,9577,597
"부산","2016.01","북구",8725,413,2669,5380,263
"부산","2016.01","사상구",10140,537,3207,6162,234
"부산","2016.01","사하구",11083,432,3144,7130,377
"부산","2016.01","서구",6205,207,1961,3882,155
"부산","2016.01","수영구",6481,386,2036,3818,241
"부산","2016.01","연제구",6716,353,1849,4281,233
"부산","2016.01","영도구",6378,275,1797,4110,196
"부산","2016.01","해운대구",12205,640,3523,7493,549
"부산","2016.01","부산기타",16,0,12,4,0
"부산","2016.02","금정구",8089,478,2502,4867,242
"부산","2016.02","기장군",4610,321,1519,2594,176
"부산","2016.02","남구",10855,597,3092,6795,371
"부산","2016.02","동구",4287,324,1080,2741,142
"부산","2016.02","동래구",8456,552,2725,4918,261
"부산","2016.02","부산진구",17466,693,6610,9555,608
"부산","2016.02","북구",8717,402,2673,5376,266
"부산","2016.02","사상구",10125,535,3199,6155,236
"부산","2016.02","사하구",11020,429,3128,7090,373
"부산","2016.02","서구",6189,202,1949,3879,159
"부산","2016.02","수영구",6478,377,2035,3823,243
"부산","2016.02","연제구",6738,350,1845,4303,240
"부산","2016.02","영도구",6378,276,1802,4104,196
"부산","2016.02","해운대구",12190,647,3516,7474,553
"부산","2016.02","부산기타",16,0,12,4,0
"부산","2016.03","금정구",8106,476,2508,4871,251
"부산","2016.03","기장군",4617,313,1522,2611,171
"부산","2016.03","남구",10859,585,3077,6808,389
"부산","2016.03","동구",4316,321,1078,2770,147
"부산","2016.03","동래구",8446,542,2722,4909,273
"부산","2016.03","부산진구",17462,689,6598,9560,615
"부산","2016.03","북구",8725,398,2662,5389,276
"부산","2016.03","사상구",10149,535,3201,6177,236
"부산","2016.03","사하구",11009,434,3130,7062,383
"부산","2016.03","서구",6183,205,1937,3884,157
"부산","2016.03","수영구",6469,381,2023,3829,236
"부산","2016.03","연제구",6719,347,1843,4290,239
"부산","2016.03","영도구",6386,273,1785,4130,198
"부산","2016.03","해운대구",12181,647,3498,7462,574
"부산","2016.03","부산기타",17,0,13,4,0
"부산","2016.04","금정구",8141,470,2504,4920,247
"부산","2016.04","기장군",4682,312,1532,2655,183
"부산","2016.04","남구",10832,583,3057,6802,390
"부산","2016.04","동구",4323,315,1074,2783,151
"부산","2016.04","동래구",8357,516,2697,4864,280
"부산","2016.04","부산진구",17484,678,6568,9583,655
"부산","2016.04","북구",8742,389,2651,5429,273
"부산","2016.04","사상구",10147,533,3193,6175,246
"부산","2016.04","사하구",11081,426,3151,7108,396
"부산","2016.04","서구",6178,207,1920,3889,162
"부산","2016.04","수영구",6490,364,2008,3868,250
"부산","2016.04","연제구",6715,347,1827,4290,251
"부산","2016.04","영도구",6379,275,1763,4137,204
"부산","2016.04","해운대구",12244,648,3509,7499,588
"부산","2016.04","부산기타",16,0,12,4,0
"부산","2016.05","금정구",8141,470,2504,4920,247
"부산","2016.05","기장군",4682,312,1532,2655,183
"부산","2016.05","남구",10832,583,3057,6802,390
"부산","2016.05","동구",4323,315,1074,2783,151
"부산","2016.05","동래구",8357,516,2697,4864,280
"부산","2016.05","부산진구",17484,678,6568,9583,655
"부산","2016.05","북구",8742,389,2651,5429,273
"부산","2016.05","사상구",10147,533,3193,6175,246
"부산","2016.05","사하구",11081,426,3151,7108,396
"부산","2016.05","서구",6178,207,1920,3889,162
"부산","2016.05","수영구",6490,364,2008,3868,250
"부산","2016.05","연제구",6715,347,1827,4290,251
"부산","2016.05","영도구",6379,275,1763,4137,204
"부산","2016.05","해운대구",12244,648,3509,7499,588
"부산","2016.05","부산기타",16,0,12,4,0
"부산","2016.06","금정구",8145,457,2503,4938,247
"부산","2016.06","기장군",4703,314,1532,2673,184
"부산","2016.06","남구",10812,573,3047,6804,388
"부산","2016.06","동구",4291,302,1072,2769,148
"부산","2016.06","동래구",8310,505,2681,4846,278
"부산","2016.06","부산진구",17465,663,6536,9596,670
"부산","2016.06","북구",8768,376,2650,5464,278
"부산","2016.06","사상구",10151,525,3197,6182,247
"부산","2016.06","사하구",11069,426,3134,7113,396
"부산","2016.06","서구",6184,209,1914,3899,162
"부산","2016.06","수영구",6508,361,2007,3884,256
"부산","2016.06","연제구",6723,336,1820,4315,252
"부산","2016.06","영도구",6398,276,1760,4155,207
"부산","2016.06","해운대구",12259,644,3499,7531,585
"부산","2016.06","부산기타",16,0,12,4,0
"부산","2016.07","금정구",8171,460,2499,4960,252
"부산","2016.07","기장군",4731,311,1543,2692,185
"부산","2016.07","남구",10825,567,3039,6831,388
"부산","2016.07","동구",4302,297,1066,2787,152
"부산","2016.07","동래구",8291,496,2652,4865,278
"부산","2016.07","부산진구",17504,653,6520,9640,691
"부산","2016.07","북구",8784,374,2660,5466,284
"부산","2016.07","사상구",10131,506,3180,6199,246
"부산","2016.07","사하구",11053,414,3108,7132,399
"부산","2016.07","서구",6181,212,1910,3901,158
"부산","2016.07","수영구",6517,352,2002,3901,262
"부산","2016.07","연제구",6687,329,1808,4302,248
"부산","2016.07","영도구",6373,267,1754,4145,207
"부산","2016.07","해운대구",12251,643,3487,7532,589
"부산","2016.07","부산기타",16,0,12,4,0
"부산","2016.08","금정구",8183,461,2494,4983,245
"부산","2016.08","기장군",4770,310,1560,2706,194
"부산","2016.08","남구",10813,559,3030,6831,393
"부산","2016.08","동구",4306,298,1068,2794,146
"부산","2016.08","동래구",8322,487,2653,4901,281
"부산","2016.08","부산진구",17522,646,6503,9685,688
"부산","2016.08","북구",8798,373,2655,5473,297
"부산","2016.08","사상구",10140,501,3178,6208,253
"부산","2016.08","사하구",11072,408,3091,7183,390
"부산","2016.08","서구",6172,209,1901,3902,160
"부산","2016.08","수영구",6516,346,1988,3928,254
"부산","2016.08","연제구",6659,324,1804,4282,249
"부산","2016.08","영도구",6374,265,1750,4160,199
"부산","2016.08","해운대구",12284,639,3473,7575,597
"부산","2016.08","부산기타",16,0,12,4,0
"부산","2016.09","금정구",8198,460,2495,5002,241
"부산","2016.09","기장군",4776,311,1555,2713,197
"부산","2016.09","남구",10794,561,3020,6817,396
"부산","2016.09","동구",4284,290,1065,2785,144
"부산","2016.09","동래구",8340,487,2642,4930,281
"부산","2016.09","부산진구",17594,643,6495,9734,722
"부산","2016.09","북구",8791,368,2655,5471,297
"부산","2016.09","사상구",10160,504,3166,6230,260
"부산","2016.09","사하구",11104,410,3096,7202,396
"부산","2016.09","서구",6163,206,1899,3901,157
"부산","2016.09","수영구",6516,336,1984,3922,274
"부산","2016.09","연제구",6630,329,1792,4258,251
"부산","2016.09","영도구",6406,261,1749,4195,201
"부산","2016.09","해운대구",12303,629,3473,7595,606
"부산","2016.09","부산기타",16,0,12,4,0
"부산","2016.10","금정구",8201,452,2508,4997,244
"부산","2016.10","기장군",4786,302,1557,2727,200
"부산","2016.10","남구",10776,551,3016,6804,405
"부산","2016.10","동구",4268,287,1052,2789,140
"부산","2016.10","동래구",8341,482,2642,4941,276
"부산","2016.10","부산진구",17604,641,6464,9761,738
"부산","2016.10","북구",8747,361,2641,5456,289
"부산","2016.10","사상구",10144,500,3156,6226,262
"부산","2016.10","사하구",11093,408,3091,7200,394
"부산","2016.10","서구",6149,200,1893,3898,158
"부산","2016.10","수영구",6508,329,1982,3917,280
"부산","2016.10","연제구",6572,325,1785,4219,243
"부산","2016.10","영도구",6384,252,1745,4190,197
"부산","2016.10","해운대구",12304,631,3466,7583,624
"부산","2016.10","부산기타",15,0,11,4,0
"부산","2016.11","금정구",8182,452,2502,4976,252
"부산","2016.11","기장군",4811,304,1568,2735,204
"부산","2016.11","남구",10774,546,3007,6817,404
"부산","2016.11","동구",4289,285,1057,2803,144
"부산","2016.11","동래구",8348,477,2642,4955,274
"부산","2016.11","부산진구",17554,631,6440,9747,736
"부산","2016.11","북구",8725,359,2633,5448,285
"부산","2016.11","사상구",10138,494,3150,6229,265
"부산","2016.11","사하구",11079,406,3090,7192,391
"부산","2016.11","서구",6122,199,1887,3875,161
"부산","2016.11","수영구",6511,323,1989,3917,282
"부산","2016.11","연제구",6530,316,1769,4200,245
"부산","2016.11","영도구",6368,253,1736,4186,193
"부산","2016.11","해운대구",12300,624,3462,7584,630
"부산","2016.11","부산기타",15,0,11,4,0
"부산","2016.12","금정구",8161,446,2490,4970,255
"부산","2016.12","기장군",4808,304,1567,2734,203
"부산","2016.12","남구",10751,544,3004,6793,410
"부산","2016.12","동구",4277,289,1052,2791,145
"부산","2016.12","동래구",8327,480,2625,4944,278
"부산","2016.12","부산진구",17499,617,6422,9734,726
"부산","2016.12","북구",8712,354,2626,5448,284
"부산","2016.12","사상구",10101,494,3133,6217,257
"부산","2016.12","사하구",11083,397,3085,7210,391
"부산","2016.12","서구",6106,195,1883,3868,160
"부산","2016.12","수영구",6516,319,1989,3920,288
"부산","2016.12","연제구",6550,308,1775,4212,255
"부산","2016.12","영도구",6360,250,1732,4187,191
"부산","2016.12","해운대구",12261,603,3455,7583,620
"부산","2016.12","부산기타",15,0,11,4,0
"부산","2017.01","금정구",8123,441,2483,4942,257
"부산","2017.01","기장군",4809,307,1562,2737,203
"부산","2017.01","남구",10734,536,2999,6787,412
"부산","2017.01","동구",4261,281,1060,2777,143
"부산","2017.01","동래구",8320,474,2614,4960,272
"부산","2017.01","부산진구",17503,609,6430,9727,737
"부산","2017.01","북구",8705,354,2622,5444,285
"부산","2017.01","사상구",10089,490,3122,6214,263
"부산","2017.01","사하구",11093,396,3086,7210,401
"부산","2017.01","서구",6075,197,1873,3850,155
"부산","2017.01","수영구",6485,316,1991,3897,281
"부산","2017.01","연제구",6531,302,1767,4206,256
"부산","2017.01","영도구",6365,248,1727,4199,191
"부산","2017.01","해운대구",12280,605,3465,7569,641
"부산","2017.01","부산기타",15,0,11,4,0
"부산","2017.02","금정구",8098,432,2470,4938,258
"부산","2017.02","기장군",4829,309,1569,2753,198
"부산","2017.02","남구",10696,535,2998,6747,416
"부산","2017.02","동구",4258,274,1056,2787,141
"부산","2017.02","동래구",8317,466,2610,4969,272
"부산","2017.02","부산진구",17484,609,6410,9723,742
"부산","2017.02","북구",8712,349,2616,5462,285
"부산","2017.02","사상구",10084,487,3112,6220,265
"부산","2017.02","사하구",11082,391,3080,7214,397
"부산","2017.02","서구",6062,197,1862,3847,156
"부산","2017.02","수영구",6473,312,1995,3881,285
"부산","2017.02","연제구",6552,305,1772,4217,258
"부산","2017.02","영도구",6346,245,1717,4196,188
"부산","2017.02","해운대구",12296,600,3467,7580,649
"부산","2017.02","부산기타",15,0,11,4,0
"부산","2017.03","금정구",8080,430,2469,4914,267
"부산","2017.03","기장군",4807,302,1563,2745,197
"부산","2017.03","남구",10654,531,2980,6718,425
"부산","2017.03","동구",4236,269,1051,2773,143
"부산","2017.03","동래구",8353,458,2607,5000,288
"부산","2017.03","부산진구",17555,613,6407,9775,760
"부산","2017.03","북구",8715,349,2602,5480,284
"부산","2017.03","사상구",10097,479,3120,6233,265
"부산","2017.03","사하구",11167,387,3102,7262,416
"부산","2017.03","서구",6063,196,1856,3856,155
"부산","2017.03","수영구",6479,299,1989,3906,285
"부산","2017.03","연제구",6523,303,1763,4190,267
"부산","2017.03","영도구",6346,247,1710,4201,188
"부산","2017.03","해운대구",12280,595,3449,7586,650
"부산","2017.03","부산기타",15,0,11,4,0
"부산","2017.04","금정구",8099,426,2476,4925,272
"부산","2017.04","기장군",4828,301,1558,2768,201
"부산","2017.04","남구",10666,521,2979,6734,432
"부산","2017.04","동구",4219,264,1049,2762,144
"부산","2017.04","동래구",8345,463,2597,5003,282
"부산","2017.04","부산진구",17572,603,6391,9808,770
"부산","2017.04","북구",8712,347,2598,5479,288
"부산","2017.04","사상구",10125,484,3120,6250,271
"부산","2017.04","사하구",11161,386,3098,7266,411
"부산","2017.04","서구",6064,191,1850,3868,155
"부산","2017.04","수영구",6479,294,1979,3914,292
"부산","2017.04","연제구",6511,299,1754,4183,275
"부산","2017.04","영도구",6327,244,1705,4185,193
"부산","2017.04","해운대구",12310,594,3451,7617,648
"부산","2017.04","부산기타",15,0,11,4,0
"부산","2017.05","금정구",8115,426,2463,4946,280
"부산","2017.05","기장군",4832,292,1562,2774,204
"부산","2017.05","남구",10701,512,2983,6767,439
"부산","2017.05","동구",4210,262,1049,2755,144
"부산","2017.05","동래구",8351,457,2600,5012,282
"부산","2017.05","부산진구",17585,593,6367,9825,800
"부산","2017.05","북구",8713,347,2590,5474,302
"부산","2017.05","사상구",10152,490,3124,6261,277
"부산","2017.05","사하구",11182,390,3091,7274,427
"부산","2017.05","서구",6053,185,1836,3868,164
"부산","2017.05","수영구",6488,282,1975,3929,302
"부산","2017.05","연제구",6509,297,1748,4185,279
"부산","2017.05","영도구",6349,238,1695,4219,197
"부산","2017.05","해운대구",12314,583,3449,7633,649
"부산","2017.05","부산기타",15,0,11,4,0
"부산","2017.06","금정구",8112,412,2453,4959,288
"부산","2017.06","기장군",4863,294,1562,2795,212
"부산","2017.06","남구",10702,498,2976,6788,440
"부산","2017.06","동구",4210,264,1049,2756,141
"부산","2017.06","동래구",8368,447,2595,5041,285
"부산","2017.06","부산진구",17628,593,6360,9843,832
"부산","2017.06","북구",8736,343,2580,5497,316
"부산","2017.06","사상구",10159,484,3126,6272,277
"부산","2017.06","사하구",11202,388,3090,7283,441
"부산","2017.06","서구",6073,182,1827,3892,172
"부산","2017.06","수영구",6472,275,1966,3931,300
"부산","2017.06","연제구",6552,299,1739,4216,298
"부산","2017.06","영도구",6368,238,1689,4238,203
"부산","2017.06","해운대구",12304,564,3447,7648,645
"부산","2017.06","부산기타",15,0,11,4,0
"부산","2017.07","금정구",8103,404,2431,4974,294
"부산","2017.07","기장군",4890,293,1566,2822,209
"부산","2017.07","남구",10713,492,2973,6813,435
"부산","2017.07","동구",4221,258,1052,2769,142
"부산","2017.07","동래구",8384,446,2586,5056,296
"부산","2017.07","부산진구",17389,588,6355,9887,559
"부산","2017.07","북구",8730,334,2580,5506,310
"부산","2017.07","사상구",10167,484,3124,6279,280
"부산","2017.07","사하구",11220,379,3087,7309,445
"부산","2017.07","서구",6082,179,1827,3899,177
"부산","2017.07","수영구",6471,274,1969,3921,307
"부산","2017.07","연제구",6566,296,1737,4222,311
"부산","2017.07","영도구",6399,238,1682,4266,213
"부산","2017.07","해운대구",12321,567,3439,7659,656
"부산","2017.07","부산기타",15,0,11,4,0
"부산","2017.08","금정구",8137,402,2430,5004,301
"부산","2017.08","기장군",4902,287,1565,2846,204
"부산","2017.08","남구",10694,491,2965,6797,441
"부산","2017.08","동구",4234,255,1050,2784,145
"부산","2017.08","동래구",8392,438,2584,5072,298
"부산","2017.08","부산진구",17423,580,6345,9922,576
"부산","2017.08","북구",8719,325,2575,5497,322
"부산","2017.08","사상구",10155,481,3109,6287,278
"부산","2017.08","사하구",11264,380,3099,7334,451
"부산","2017.08","서구",6099,180,1818,3914,187
"부산","2017.08","수영구",6470,276,1961,3928,305
"부산","2017.08","연제구",6607,297,1735,4252,323
"부산","2017.08","영도구",6421,229,1679,4295,218
"부산","2017.08","해운대구",12327,559,3427,7678,663
"부산","2017.08","부산기타",15,0,11,4,0
"부산","2017.09","금정구",8134,398,2420,5012,304
"부산","2017.09","기장군",4930,282,1570,2870,208
"부산","2017.09","남구",10699,477,2966,6795,461
"부산","2017.09","동구",4268,255,1054,2803,156
"부산","2017.09","동래구",8421,438,2585,5079,319
"부산","2017.09","부산진구",17433,569,6338,9943,583
"부산","2017.09","북구",8747,323,2563,5541,320
"부산","2017.09","사상구",10157,472,3118,6282,285
"부산","2017.09","사하구",11335,379,3097,7400,459
"부산","2017.09","서구",6105,178,1824,3911,192
"부산","2017.09","수영구",6493,280,1961,3936,316
"부산","2017.09","연제구",6619,285,1737,4265,332
"부산","2017.09","영도구",6407,228,1675,4290,214
"부산","2017.09","해운대구",12312,557,3417,7666,672
"부산","2017.09","부산기타",15,0,11,4,0
"부산","2017.10","금정구",8144,393,2416,5027,308
"부산","2017.10","기장군",4932,276,1578,2860,218
"부산","2017.10","남구",10671,462,2960,6771,478
"부산","2017.10","동구",4251,247,1054,2797,153
"부산","2017.10","동래구",8440,437,2576,5102,325
"부산","2017.10","부산진구",17413,553,6321,9951,588
"부산","2017.10","북구",8718,312,2556,5523,327
"부산","2017.10","사상구",10136,466,3111,6269,290
"부산","2017.10","사하구",11342,376,3097,7396,473
"부산","2017.10","서구",6141,176,1821,3949,195
"부산","2017.10","수영구",6492,280,1960,3930,322
"부산","2017.10","연제구",6596,285,1730,4246,335
"부산","2017.10","영도구",6401,226,1674,4291,210
"부산","2017.10","해운대구",12288,558,3415,7626,689
"부산","2017.10","부산기타",15,0,11,4,0
"부산","2017.11","금정구",8151,396,2417,5026,312
"부산","2017.11","기장군",4944,275,1581,2878,210
"부산","2017.11","남구",10626,453,2953,6736,484
"부산","2017.11","동구",4258,241,1050,2812,155
"부산","2017.11","동래구",8401,433,2569,5074,325
"부산","2017.11","부산진구",17394,541,6308,9934,611
"부산","2017.11","북구",8705,308,2549,5516,332
"부산","2017.11","사상구",10124,457,3106,6265,296
"부산","2017.11","사하구",11318,370,3082,7392,474
"부산","2017.11","서구",6115,176,1808,3940,191
"부산","2017.11","수영구",6514,283,1957,3947,327
"부산","2017.11","연제구",6597,278,1731,4243,345
"부산","2017.11","영도구",6378,221,1677,4263,217
"부산","2017.11","해운대구",12307,556,3404,7644,703
"부산","2017.11","부산기타",15,0,11,4,0
"부산","2017.12","금정구",8127,387,2408,5016,316
"부산","2017.12","기장군",4969,272,1585,2895,217
"부산","2017.12","남구",10561,446,2939,6699,477
"부산","2017.12","동구",4262,245,1052,2812,153
"부산","2017.12","동래구",8354,425,2548,5047,334
"부산","2017.12","부산진구",17346,536,6300,9903,607
"부산","2017.12","북구",8698,303,2549,5510,336
"부산","2017.12","사상구",10101,450,3096,6255,300
"부산","2017.12","사하구",11269,366,3077,7368,458
"부산","2017.12","서구",6096,172,1798,3938,188
"부산","2017.12","수영구",6494,277,1956,3936,325
"부산","2017.12","연제구",6592,274,1729,4240,349
"부산","2017.12","영도구",6385,218,1682,4267,218
"부산","2017.12","해운대구",12293,551,3397,7636,709
"부산","2017.12","부산기타",15,0,11,4,0
"부산","2018.01","금정구",8115,380,2402,5017,316
"부산","2018.01","기장군",4976,266,1591,2905,214
"부산","2018.01","남구",10535,451,2932,6679,473
"부산","2018.01","동구",4271,242,1058,2816,155
"부산","2018.01","동래구",8357,417,2542,5063,335
"부산","2018.01","부산진구",17280,531,6279,9865,605
"부산","2018.01","북구",8682,299,2544,5502,337
"부산","2018.01","사상구",10098,455,3090,6258,295
"부산","2018.01","사하구",11282,370,3062,7381,469
"부산","2018.01","서구",6078,171,1800,3923,184
"부산","2018.01","수영구",6490,274,1952,3937,327
"부산","2018.01","연제구",6590,272,1735,4234,349
"부산","2018.01","영도구",6380,221,1684,4257,218
"부산","2018.01","해운대구",12266,542,3388,7625,711
"부산","2018.01","부산기타",15,0,11,4,0
"부산","2018.02","금정구",8117,377,2395,5029,316
"부산","2018.02","기장군",4994,272,1588,2915,219
"부산","2018.02","남구",10496,452,2921,6646,477
"부산","2018.02","동구",4257,237,1057,2814,149
"부산","2018.02","동래구",8352,412,2533,5068,339
"부산","2018.02","부산진구",17255,517,6271,9858,609
"부산","2018.02","북구",8680,297,2538,5504,341
"부산","2018.02","사상구",10086,452,3079,6249,306
"부산","2018.02","사하구",11265,372,3054,7374,465
"부산","2018.02","서구",6071,171,1799,3919,182
"부산","2018.02","수영구",6488,276,1949,3935,328
"부산","2018.02","연제구",6603,263,1739,4246,355
"부산","2018.02","영도구",6373,222,1678,4255,218
"부산","2018.02","해운대구",12246,542,3388,7601,715
"부산","2018.02","부산기타",15,0,11,4,0
"부산","2018.03","금정구",8102,371,2384,5034,313
"부산","2018.03","기장군",5014,274,1587,2925,228
"부산","2018.03","남구",10532,454,2916,6665,497
"부산","2018.03","동구",4235,230,1054,2800,151
"부산","2018.03","동래구",8357,409,2524,5080,344
"부산","2018.03","부산진구",17269,521,6258,9862,628
"부산","2018.03","북구",8666,292,2528,5497,349
"부산","2018.03","사상구",10056,447,3077,6228,304
"부산","2018.03","사하구",11290,364,3052,7415,459
"부산","2018.03","서구",6046,167,1795,3905,179
"부산","2018.03","수영구",6499,283,1946,3929,341
"부산","2018.03","연제구",6564,251,1735,4218,360
"부산","2018.03","영도구",6358,220,1677,4242,219
"부산","2018.03","해운대구",12270,540,3385,7623,722
"부산","2018.03","부산기타",15,0,11,4,0
"부산","2018.04","금정구",8112,366,2375,5050,321
"부산","2018.04","기장군",5022,266,1591,2925,240
"부산","2018.04","남구",10535,449,2918,6665,503
"부산","2018.04","동구",4248,229,1058,2811,150
"부산","2018.04","동래구",8374,408,2530,5086,350
"부산","2018.04","부산진구",17258,519,6233,9855,651
"부산","2018.04","북구",8686,293,2525,5515,353
"부산","2018.04","사상구",10067,444,3075,6246,302
"부산","2018.04","사하구",11296,370,3042,7413,471
"부산","2018.04","서구",6038,164,1786,3909,179
"부산","2018.04","수영구",6505,285,1940,3942,338
"부산","2018.04","연제구",6559,252,1733,4203,371
"부산","2018.04","영도구",6351,217,1675,4239,220
"부산","2018.04","해운대구",12274,532,3382,7628,732
"부산","2018.04","부산기타",15,0,11,4,0
"부산","2018.05","금정구",8130,357,2371,5073,329
"부산","2018.05","기장군",5004,261,1581,2924,238
"부산","2018.05","남구",10557,456,2914,6688,499
"부산","2018.05","동구",4246,227,1061,2802,156
"부산","2018.05","동래구",8401,400,2525,5121,355
"부산","2018.05","부산진구",17196,510,6212,9826,648
"부산","2018.05","북구",8676,290,2511,5514,361
"부산","2018.05","사상구",10101,440,3072,6284,305
"부산","2018.05","사하구",11296,376,3034,7410,476
"부산","2018.05","서구",6067,162,1786,3933,186
"부산","2018.05","수영구",6535,283,1929,3969,354
"부산","2018.05","연제구",6565,244,1729,4213,379
"부산","2018.05","영도구",6340,215,1666,4236,223
"부산","2018.05","해운대구",12325,516,3373,7676,760
"부산","2018.05","부산기타",15,0,11,4,0
"부산","2018.06","금정구",8145,351,2373,5091,330
"부산","2018.06","기장군",5014,258,1587,2932,237
"부산","2018.06","남구",10574,449,2916,6705,504
"부산","2018.06","동구",4233,226,1048,2803,156
"부산","2018.06","동래구",8412,397,2515,5122,378
"부산","2018.06","부산진구",17196,509,6206,9831,650
"부산","2018.06","북구",8678,285,2500,5525,368
"부산","2018.06","사상구",10087,432,3066,6274,315
"부산","2018.06","사하구",11311,374,3027,7422,488
"부산","2018.06","서구",6067,164,1777,3939,187
"부산","2018.06","수영구",6532,283,1928,3958,363
"부산","2018.06","연제구",6559,241,1727,4194,397
"부산","2018.06","영도구",6336,210,1659,4243,224
"부산","2018.06","해운대구",12365,509,3380,7713,763
"부산","2018.06","부산기타",15,0,11,4,0
"부산","2018.07","금정구",8165,341,2381,5113,330
"부산","2018.07","기장군",5021,261,1584,2932,244
"부산","2018.07","남구",10589,454,2899,6708,528
"부산","2018.07","동구",4237,222,1044,2807,164
"부산","2018.07","동래구",8426,390,2509,5139,388
"부산","2018.07","부산진구",17130,514,6181,9777,658
"부산","2018.07","북구",8681,281,2496,5527,377
"부산","2018.07","사상구",10094,419,3065,6284,326
"부산","2018.07","사하구",11334,376,3029,7431,498
"부산","2018.07","서구",6057,163,1773,3928,193
"부산","2018.07","수영구",6510,281,1927,3942,360
"부산","2018.07","연제구",6539,238,1719,4180,402
"부산","2018.07","영도구",6328,206,1650,4243,229
"부산","2018.07","해운대구",12388,509,3386,7735,758
"부산","2018.07","부산기타",15,0,11,4,0
"부산","2018.08","금정구",8165,341,2381,5113,330
"부산","2018.08","기장군",5021,261,1584,2932,244
"부산","2018.08","남구",10589,454,2899,6708,528
"부산","2018.08","동구",4237,222,1044,2807,164
"부산","2018.08","동래구",8426,390,2509,5139,388
"부산","2018.08","부산진구",17130,514,6181,9777,658
"부산","2018.08","북구",8681,281,2496,5527,377
"부산","2018.08","사상구",10094,419,3065,6284,326
"부산","2018.08","사하구",11334,376,3029,7431,498
"부산","2018.08","서구",6057,163,1773,3928,193
"부산","2018.08","수영구",6510,281,1927,3942,360
"부산","2018.08","연제구",6539,238,1719,4180,402
"부산","2018.08","영도구",6328,206,1650,4243,229
"부산","2018.08","해운대구",12388,509,3386,7735,758
"부산","2018.08","부산기타",15,0,11,4,0
"부산","2018.09","금정구",8208,338,2383,5151,336
"부산","2018.09","기장군",5046,258,1581,2949,258
"부산","2018.09","남구",10688,465,2886,6790,547
"부산","2018.09","동구",4241,219,1037,2818,167
"부산","2018.09","동래구",8424,390,2492,5141,401
"부산","2018.09","부산진구",17145,516,6167,9800,662
"부산","2018.09","북구",8699,287,2484,5536,392
"부산","2018.09","사상구",10142,409,3063,6324,346
"부산","2018.09","사하구",11364,371,3008,7478,507
"부산","2018.09","서구",6124,167,1759,3987,211
"부산","2018.09","수영구",6524,281,1938,3943,362
"부산","2018.09","연제구",6506,236,1710,4161,399
"부산","2018.09","영도구",6382,208,1646,4291,237
"부산","2018.09","해운대구",12505,552,3391,7779,783
"부산","2018.09","부산기타",15,0,11,4,0
"부산","2018.10","금정구",8197,334,2368,5157,338
"부산","2018.10","기장군",5056,260,1586,2947,263
"부산","2018.10","남구",10736,470,2881,6821,564
"부산","2018.10","동구",4238,213,1035,2820,170
"부산","2018.10","동래구",8421,396,2474,5140,411
"부산","2018.10","부산진구",17107,521,6143,9767,676
"부산","2018.10","북구",8705,287,2483,5536,399
"부산","2018.10","사상구",10102,420,3052,6292,338
"부산","2018.10","사하구",11387,370,2997,7510,510
"부산","2018.10","서구",6145,166,1762,4006,211
"부산","2018.10","수영구",6524,283,1933,3954,354
"부산","2018.10","연제구",6521,238,1713,4168,402
"부산","2018.10","영도구",6368,204,1644,4287,233
"부산","2018.10","해운대구",12488,536,3380,7776,796
"부산","2018.10","부산기타",15,0,11,4,0
"부산","2018.11","금정구",8184,331,2367,5151,335
"부산","2018.11","기장군",5062,269,1579,2950,264
"부산","2018.11","남구",10692,472,2870,6779,571
"부산","2018.11","동구",4268,232,1037,2825,174
"부산","2018.11","동래구",8421,399,2461,5145,416
"부산","2018.11","부산진구",17050,519,6121,9723,687
"부산","2018.11","북구",8698,277,2482,5534,405
"부산","2018.11","사상구",10081,420,3048,6284,329
"부산","2018.11","사하구",11400,372,2980,7532,516
"부산","2018.11","서구",6155,166,1766,4011,212
"부산","2018.11","수영구",6555,290,1929,3971,365
"부산","2018.11","연제구",6576,243,1720,4204,409
"부산","2018.11","영도구",6364,207,1641,4283,233
"부산","2018.11","해운대구",12512,577,3377,7765,793
"부산","2018.11","부산기타",15,0,11,4,0
"부산","2018.12","금정구",8186,331,2366,5146,343
"부산","2018.12","기장군",5052,267,1578,2938,269
"부산","2018.12","남구",10670,469,2857,6770,574
"부산","2018.12","동구",4281,267,1028,2820,166
"부산","2018.12","동래구",8402,398,2451,5136,417
"부산","2018.12","부산진구",17009,517,6117,9687,688
"부산","2018.12","북구",8684,281,2477,5518,408
"부산","2018.12","사상구",10055,417,3035,6276,327
"부산","2018.12","사하구",11356,374,2982,7500,500
"부산","2018.12","서구",6143,162,1761,4010,210
"부산","2018.12","수영구",6527,294,1916,3948,369
"부산","2018.12","연제구",6572,247,1716,4204,405
"부산","2018.12","영도구",6362,203,1638,4288,233
"부산","2018.12","해운대구",12484,572,3366,7754,792
"부산","2018.12","부산기타",15,0,11,4,0
"부산","2019.01","금정구",8193,327,2365,5149,352
"부산","2019.01","기장군",5054,265,1577,2942,270
"부산","2019.01","남구",10655,466,2857,6761,571
"부산","2019.01","동구",4282,261,1029,2821,171
"부산","2019.01","동래구",8362,396,2441,5105,420
"부산","2019.01","부산진구",16985,508,6094,9691,692
"부산","2019.01","북구",8676,278,2479,5505,414
"부산","2019.01","사상구",10029,410,3036,6257,326
"부산","2019.01","사하구",11354,368,2985,7488,513
"부산","2019.01","서구",6153,161,1757,4024,211
"부산","2019.01","수영구",6547,295,1921,3962,369
"부산","2019.01","연제구",6559,242,1715,4195,407
"부산","2019.01","영도구",6336,200,1635,4266,235
"부산","2019.01","해운대구",12455,556,3361,7737,801
"부산","2019.01","부산기타",15,0,11,4,0
"부산","2019.02","금정구",8188,326,2362,5146,354
"부산","2019.02","기장군",5068,263,1581,2949,275
"부산","2019.02","남구",10617,457,2849,6729,582
"부산","2019.02","동구",4269,261,1028,2805,175
"부산","2019.02","동래구",8350,399,2441,5090,420
"부산","2019.02","부산진구",16978,506,6082,9689,701
"부산","2019.02","북구",8653,278,2472,5482,421
"부산","2019.02","사상구",10018,408,3039,6243,328
"부산","2019.02","사하구",11340,365,2986,7476,513
"부산","2019.02","서구",6129,162,1747,4013,207
"부산","2019.02","수영구",6555,293,1914,3974,374
"부산","2019.02","연제구",6571,246,1718,4197,410
"부산","2019.02","영도구",6341,191,1635,4275,240
"부산","2019.02","해운대구",12455,546,3354,7746,809
"부산","2019.02","부산기타",15,0,11,4,0
"부산","2019.03","금정구",8219,331,2357,5179,352
"부산","2019.03","기장군",5098,276,1587,2947,288
"부산","2019.03","남구",10623,458,2839,6746,580
"부산","2019.03","동구",4267,261,1026,2804,176
"부산","2019.03","동래구",8373,403,2426,5112,432
"부산","2019.03","부산진구",16990,508,6070,9707,705
"부산","2019.03","북구",8641,293,2461,5466,421
"부산","2019.03","사상구",10027,429,3034,6233,331
"부산","2019.03","사하구",11359,362,2988,7487,522
"부산","2019.03","서구",6127,160,1738,4025,204
"부산","2019.03","수영구",6562,303,1913,3964,382
"부산","2019.03","연제구",6586,246,1716,4206,418
"부산","2019.03","영도구",6328,188,1629,4263,248
"부산","2019.03","해운대구",12474,557,3343,7756,818
"부산","2019.03","부산기타",15,0,11,4,0
"부산","2019.04","금정구",8250,331,2359,5203,357
"부산","2019.04","기장군",5113,276,1594,2950,293
"부산","2019.04","남구",10622,451,2825,6762,584
"부산","2019.04","동구",4248,261,1019,2786,182
"부산","2019.04","동래구",8406,403,2421,5138,444
"부산","2019.04","부산진구",17033,521,6053,9725,734
"부산","2019.04","북구",8654,300,2448,5476,430
"부산","2019.04","사상구",10056,454,3026,6239,337
"부산","2019.04","사하구",11398,371,2980,7500,547
"부산","2019.04","서구",6114,161,1736,4019,198
"부산","2019.04","수영구",6572,301,1911,3981,379
"부산","2019.04","연제구",6624,255,1719,4227,423
"부산","2019.04","영도구",6331,184,1623,4270,254
"부산","2019.04","해운대구",12491,554,3341,7784,812
"부산","2019.04","부산기타",15,0,11,4,0
"부산","2019.05","금정구",8249,342,2349,5188,370
"부산","2019.05","기장군",5136,274,1594,2978,290
"부산","2019.05","남구",10626,449,2822,6768,587
"부산","2019.05","동구",4272,258,1018,2811,185
"부산","2019.05","동래구",8430,409,2423,5144,454
"부산","2019.05","부산진구",17074,529,6030,9765,750
"부산","2019.05","북구",8669,310,2454,5478,427
"부산","2019.05","사상구",10087,469,3024,6247,347
"부산","2019.05","사하구",11432,378,2968,7527,559
"부산","2019.05","서구",6145,167,1737,4042,199
"부산","2019.05","수영구",6609,299,1918,4002,390
"부산","2019.05","연제구",6639,255,1717,4246,421
"부산","2019.05","영도구",6315,189,1614,4257,255
"부산","2019.05","해운대구",12509,552,3336,7787,834
"부산","2019.05","부산기타",15,0,11,4,0
"부산","2019.06","금정구",8275,356,2341,5189,389
"부산","2019.06","기장군",5170,278,1595,3000,297
"부산","2019.06","남구",10642,449,2809,6790,594
"부산","2019.06","동구",4291,258,1012,2838,183
"부산","2019.06","동래구",8447,400,2425,5156,466
"부산","2019.06","부산진구",17104,535,6028,9777,764
"부산","2019.06","북구",8696,323,2438,5493,442
"부산","2019.06","사상구",10141,490,3017,6280,354
"부산","2019.06","사하구",11500,402,2966,7565,567
"부산","2019.06","서구",6124,169,1728,4022,205
"부산","2019.06","수영구",6615,301,1914,4007,393
"부산","2019.06","연제구",6658,250,1711,4272,425
"부산","2019.06","영도구",6346,199,1615,4265,267
"부산","2019.06","해운대구",12530,556,3327,7799,848
"부산","2019.06","부산기타",15,0,11,4,0
"부산","2019.07","금정구",8324,366,2344,5224,390
"부산","2019.07","기장군",5205,286,1607,3007,305
"부산","2019.07","남구",10664,454,2811,6797,602
"부산","2019.07","동구",4307,263,1010,2849,185
"부산","2019.07","동래구",8497,407,2420,5196,474
"부산","2019.07","부산진구",17168,550,6020,9832,766
"부산","2019.07","북구",8683,337,2431,5471,444
"부산","2019.07","사상구",10187,503,3011,6309,364
"부산","2019.07","사하구",11544,428,2963,7586,567
"부산","2019.07","서구",6155,179,1729,4041,206
"부산","2019.07","수영구",6632,309,1913,4021,389
"부산","2019.07","연제구",6682,267,1706,4284,425
"부산","2019.07","영도구",6347,204,1609,4261,273
"부산","2019.07","해운대구",12552,553,3321,7812,866
"부산","2019.07","부산기타",15,0,11,4,0
"부산","2019.08","금정구",8355,371,2335,5255,394
"부산","2019.08","기장군",5220,287,1603,3017,313
"부산","2019.08","남구",10702,467,2810,6817,608
"부산","2019.08","동구",4359,265,1014,2888,192
"부산","2019.08","동래구",8576,432,2425,5251,468
"부산","2019.08","부산진구",17215,575,6016,9850,774
"부산","2019.08","북구",8710,364,2433,5462,451
"부산","2019.08","사상구",10187,511,3010,6301,365
"부산","2019.08","사하구",11622,464,2953,7632,573
"부산","2019.08","서구",6144,193,1719,4023,209
"부산","2019.08","수영구",6711,320,1916,4078,397
"부산","2019.08","연제구",6722,284,1703,4291,444
"부산","2019.08","영도구",6357,205,1605,4269,278
"부산","2019.08","해운대구",12570,562,3312,7832,864
"부산","2019.08","부산기타",14,0,10,4,0
"부산","2019.09","금정구",8368,371,2339,5263,395
"부산","2019.09","기장군",5249,293,1601,3031,324
"부산","2019.09","남구",10718,468,2815,6811,624
"부산","2019.09","동구",4375,261,1011,2903,200
"부산","2019.09","동래구",8580,433,2411,5256,480
"부산","2019.09","부산진구",17268,560,6016,9913,779
"부산","2019.09","북구",8710,363,2423,5467,457
"부산","2019.09","사상구",10235,513,3012,6331,379
"부산","2019.09","사하구",11666,467,2955,7657,587
"부산","2019.09","서구",6142,189,1717,4027,209
"부산","2019.09","수영구",6714,308,1918,4089,399
"부산","2019.09","연제구",6749,283,1702,4324,440
"부산","2019.09","영도구",6344,206,1596,4254,288
"부산","2019.09","해운대구",12604,560,3317,7842,885
"부산","2019.09","부산기타",14,0,10,4,0
"부산","2019.10","금정구",8358,381,2327,5265,385
"부산","2019.10","기장군",5254,289,1597,3049,319
"부산","2019.10","남구",10743,474,2807,6828,634
"부산","2019.10","동구",4386,262,1010,2906,208
"부산","2019.10","동래구",8593,444,2410,5244,495
"부산","2019.10","부산진구",17332,574,6017,9926,815
"부산","2019.10","북구",8710,376,2416,5449,469
"부산","2019.10","사상구",10294,561,3008,6339,386
"부산","2019.10","사하구",11728,484,2954,7695,595
"부산","2019.10","서구",6147,190,1715,4033,209
"부산","2019.10","수영구",6716,300,1918,4102,396
"부산","2019.10","연제구",6746,287,1694,4331,434
"부산","2019.10","영도구",6360,213,1594,4263,290
"부산","2019.10","해운대구",12644,564,3319,7859,902
"부산","2019.10","부산기타",14,0,10,4,0
"부산","2019.11","금정구",8358,381,2315,5272,390
"부산","2019.11","기장군",5259,285,1601,3052,321
"부산","2019.11","남구",10745,479,2798,6826,642
"부산","2019.11","동구",4386,260,1010,2903,213
"부산","2019.11","동래구",8613,443,2414,5255,501
"부산","2019.11","부산진구",17282,575,6004,9884,819
"부산","2019.11","북구",8720,375,2421,5454,470
"부산","2019.11","사상구",10288,563,3007,6323,395
"부산","2019.11","사하구",11722,482,2951,7691,598
"부산","2019.11","서구",6142,189,1711,4026,216
"부산","2019.11","수영구",6711,298,1911,4104,398
"부산","2019.11","연제구",6753,274,1697,4341,441
"부산","2019.11","영도구",6356,211,1592,4261,292
"부산","2019.11","해운대구",12634,558,3309,7865,902
"부산","2019.11","부산기타",14,0,10,4,0
"부산","2019.12","금정구",8359,382,2306,5279,392
"부산","2019.12","기장군",5269,277,1595,3068,329
"부산","2019.12","남구",10737,481,2801,6805,650
"부산","2019.12","동구",4371,253,1002,2905,211
"부산","2019.12","동래구",8618,434,2410,5265,509
"부산","2019.12","부산진구",17241,558,5984,9875,824
"부산","2019.12","북구",8717,374,2431,5444,468
"부산","2019.12","사상구",10260,561,3000,6299,400
"부산","2019.12","사하구",11707,478,2945,7688,596
"부산","2019.12","서구",6121,190,1710,4009,212
"부산","2019.12","수영구",6680,297,1904,4075,404
"부산","2019.12","연제구",6754,277,1693,4339,445
"부산","2019.12","영도구",6343,209,1582,4266,286
"부산","2019.12","해운대구",12651,564,3307,7871,909
"부산","2019.12","부산기타",14,0,10,4,0
"부산","2020.01","금정구",8325,377,2299,5256,393
"부산","2020.01","기장군",5262,274,1589,3057,342
"부산","2020.01","남구",10721,481,2794,6793,653
"부산","2020.01","동구",4364,246,997,2906,215
"부산","2020.01","동래구",8606,429,2410,5258,509
"부산","2020.01","부산진구",17239,558,5976,9874,831
"부산","2020.01","북구",8709,369,2428,5440,472
"부산","2020.01","사상구",10262,560,2999,6296,407
"부산","2020.01","사하구",11713,473,2944,7693,603
"부산","2020.01","서구",6116,193,1705,3997,221
"부산","2020.01","수영구",6672,296,1899,4066,411
"부산","2020.01","연제구",6759,270,1693,4347,449
"부산","2020.01","영도구",6350,203,1585,4274,288
"부산","2020.01","해운대구",12652,567,3307,7857,921
"부산","2020.01","부산기타",14,0,10,4,0
"부산","2020.02","금정구",8338,374,2307,5253,404
"부산","2020.02","기장군",5281,268,1596,3074,343
"부산","2020.02","남구",10683,481,2783,6777,642
"부산","2020.02","동구",4360,242,994,2907,217
"부산","2020.02","동래구",8603,425,2400,5262,516
"부산","2020.02","부산진구",17261,556,5975,9885,845
"부산","2020.02","북구",8694,359,2420,5434,481
"부산","2020.02","사상구",10229,552,3008,6268,401
"부산","2020.02","사하구",11734,471,2941,7706,616
"부산","2020.02","서구",6103,195,1697,3990,221
"부산","2020.02","수영구",6690,295,1897,4075,423
"부산","2020.02","연제구",6771,271,1691,4357,452
"부산","2020.02","영도구",6364,204,1588,4291,281
"부산","2020.02","해운대구",12649,563,3303,7861,922
"부산","2020.02","부산기타",14,0,10,4,0
"부산","2020.03","금정구",8326,378,2307,5248,393
"부산","2020.03","기장군",5342,281,1599,3117,345
"부산","2020.03","남구",10765,494,2775,6834,662
"부산","2020.03","동구",4372,242,1001,2912,217
"부산","2020.03","동래구",8632,423,2399,5288,522
"부산","2020.03","부산진구",17356,554,5983,9950,869
"부산","2020.03","북구",8703,368,2416,5432,487
"부산","2020.03","사상구",10262,554,3012,6291,405
"부산","2020.03","사하구",11804,494,2935,7735,640
"부산","2020.03","서구",6093,203,1690,3975,225
"부산","2020.03","수영구",6718,306,1892,4080,440
"부산","2020.03","연제구",6801,273,1679,4387,462
"부산","2020.03","영도구",6377,207,1584,4297,289
"부산","2020.03","해운대구",12703,569,3299,7887,948
"부산","2020.03","부산기타",14,0,10,4,0
"부산","2020.04","금정구",8357,397,2291,5271,398
"부산","2020.04","기장군",5375,296,1597,3135,347
"부산","2020.04","남구",10791,510,2765,6842,674
"부산","2020.04","동구",4413,260,1002,2919,232
"부산","2020.04","동래구",8672,443,2386,5308,535
"부산","2020.04","부산진구",17424,593,5961,9989,881
"부산","2020.04","북구",8712,386,2405,5433,488
"부산","2020.04","사상구",10322,589,3006,6311,416
"부산","2020.04","사하구",11903,540,2919,7781,663
"부산","2020.04","서구",6113,209,1690,3989,225
"부산","2020.04","수영구",6738,324,1883,4081,450
"부산","2020.04","연제구",6853,281,1685,4410,477
"부산","2020.04","영도구",6383,221,1578,4296,288
"부산","2020.04","해운대구",12779,585,3295,7922,977
"부산","2020.04","부산기타",14,0,10,4,0
"부산","2020.05","금정구",8396,402,2279,5295,420
"부산","2020.05","기장군",5436,318,1602,3146,370
"부산","2020.05","남구",10837,520,2760,6875,682
"부산","2020.05","동구",4446,269,1005,2936,236
"부산","2020.05","동래구",8739,449,2393,5343,554
"부산","2020.05","부산진구",17468,618,5952,9999,899
"부산","2020.05","북구",8776,428,2406,5445,497
"부산","2020.05","사상구",10364,613,3010,6326,415
"부산","2020.05","사하구",11978,556,2916,7834,672
"부산","2020.05","서구",6146,220,1691,4004,231
"부산","2020.05","수영구",6787,340,1881,4109,457
"부산","2020.05","연제구",6860,293,1693,4399,475
"부산","2020.05","영도구",6405,230,1579,4303,293
"부산","2020.05","해운대구",12844,605,3295,7962,982
"부산","2020.05","부산기타",14,0,10,4,0
"부산","2020.06","금정구",8406,391,2281,5321,413
"부산","2020.06","기장군",5482,310,1604,3177,391
"부산","2020.06","남구",10870,522,2743,6910,695
"부산","2020.06","동구",4445,269,1005,2933,238
"부산","2020.06","동래구",8751,450,2395,5350,556
"부산","2020.06","부산진구",17557,632,5951,10059,915
"부산","2020.06","북구",8808,442,2413,5447,506
"부산","2020.06","사상구",10396,609,2998,6361,428
"부산","2020.06","사하구",11992,552,2901,7863,676
"부산","2020.06","서구",6172,232,1687,4009,244
"부산","2020.06","수영구",6819,339,1882,4130,468
"부산","2020.06","연제구",6862,290,1688,4389,495
"부산","2020.06","영도구",6419,230,1575,4323,291
"부산","2020.06","해운대구",12893,613,3286,7992,1002
"부산","2020.06","부산기타",14,0,10,4,0
"부산","2020.07","금정구",8429,400,2278,5339,412
"부산","2020.07","기장군",5496,307,1603,3193,393
"부산","2020.07","남구",10894,534,2730,6924,706
"부산","2020.07","동구",4452,268,1005,2940,239
"부산","2020.07","동래구",8756,461,2382,5363,550
"부산","2020.07","부산진구",17590,618,5959,10099,914
"부산","2020.07","북구",8862,450,2415,5480,517
"부산","2020.07","사상구",10400,610,2996,6362,432
"부산","2020.07","사하구",12021,556,2899,7873,693
"부산","2020.07","서구",6176,231,1679,4011,255
"부산","2020.07","수영구",6846,341,1873,4139,493
"부산","2020.07","연제구",6847,292,1684,4370,501
"부산","2020.07","영도구",6416,228,1575,4323,290
"부산","2020.07","해운대구",12949,613,3285,8037,1014
"부산","2020.07","부산기타",14,0,10,4,0
"부산","2020.08","금정구",8421,401,2280,5331,409
"부산","2020.08","기장군",5579,310,1615,3244,410
"부산","2020.08","남구",10886,528,2724,6929,705
"부산","2020.08","동구",4454,260,1006,2956,232
"부산","2020.08","동래구",8763,459,2379,5360,565
"부산","2020.08","부산진구",17641,618,5944,10156,923
"부산","2020.08","북구",8865,440,2408,5500,517
"부산","2020.08","사상구",10419,609,2994,6372,444
"부산","2020.08","사하구",12053,552,2904,7901,696
"부산","2020.08","서구",6164,228,1670,4015,251
"부산","2020.08","수영구",6896,340,1873,4179,504
"부산","2020.08","연제구",6910,288,1675,4435,512
"부산","2020.08","영도구",6422,226,1577,4336,283
"부산","2020.08","해운대구",12966,606,3285,8076,999
"부산","2020.08","부산기타",14,0,10,4,0
"부산","2020.09","금정구",8471,396,2285,5373,417
"부산","2020.09","기장군",5623,309,1608,3293,413
"부산","2020.09","남구",10870,522,2705,6940,703
"부산","2020.09","동구",4448,242,1003,2967,236
"부산","2020.09","동래구",8807,449,2374,5408,576
"부산","2020.09","부산진구",17683,621,5929,10180,953
"부산","2020.09","북구",8874,435,2408,5515,516
"부산","2020.09","사상구",10452,601,2982,6416,453
"부산","2020.09","사하구",12103,555,2892,7946,710
"부산","2020.09","서구",6185,231,1667,4036,251
"부산","2020.09","수영구",6952,348,1890,4213,501
"부산","2020.09","연제구",6981,287,1673,4500,521
"부산","2020.09","영도구",6448,228,1582,4361,277
"부산","2020.09","해운대구",12980,590,3273,8100,1017
"부산","2020.09","부산기타",14,0,10,4,0
"부산","2020.10","금정구",8450,392,2279,5359,420
"부산","2020.10","기장군",5623,304,1605,3296,418
"부산","2020.10","남구",10935,522,2701,6979,733
"부산","2020.10","동구",4451,238,995,2979,239
"부산","2020.10","동래구",8828,455,2371,5428,574
"부산","2020.10","부산진구",17719,628,5929,10192,970
"부산","2020.10","북구",8886,428,2407,5529,522
"부산","2020.10","사상구",10484,596,2974,6446,468
"부산","2020.10","사하구",12091,551,2888,7946,706
"부산","2020.10","서구",6224,235,1671,4069,249
"부산","2020.10","수영구",6952,340,1889,4226,497
"부산","2020.10","연제구",7020,285,1676,4527,532
"부산","2020.10","영도구",6432,223,1583,4356,270
"부산","2020.10","해운대구",13046,592,3259,8132,1063
"부산","2020.10","부산기타",14,0,10,4,0
"부산","2020.11","금정구",8419,387,2275,5337,420
"부산","2020.11","기장군",5630,300,1619,3292,419
"부산","2020.11","남구",10926,510,2688,6990,738
"부산","2020.11","동구",4443,239,1001,2962,241
"부산","2020.11","동래구",8845,448,2361,5454,582
"부산","2020.11","부산진구",17756,629,5928,10200,999
"부산","2020.11","북구",8877,425,2401,5525,526
"부산","2020.11","사상구",10475,605,2970,6435,465
"부산","2020.11","사하구",12097,544,2882,7955,716
"부산","2020.11","서구",6238,234,1667,4084,253
"부산","2020.11","수영구",6978,342,1887,4240,509
"부산","2020.11","연제구",6983,283,1674,4488,538
"부산","2020.11","영도구",6416,224,1577,4349,266
"부산","2020.11","해운대구",13047,587,3261,8124,1075
"부산","2020.11","부산기타",14,0,10,4,0
"부산","2020.12","금정구",8409,383,2279,5319,428
"부산","2020.12","기장군",5680,298,1634,3320,428
"부산","2020.12","남구",10903,512,2674,6987,730
"부산","2020.12","동구",4445,239,997,2968,241
"부산","2020.12","동래구",8830,439,2356,5444,591
"부산","2020.12","부산진구",17744,619,5931,10186,1008
"부산","2020.12","북구",8838,423,2393,5497,525
"부산","2020.12","사상구",10474,605,2960,6449,460
"부산","2020.12","사하구",12068,544,2878,7928,718
"부산","2020.12","서구",6261,236,1669,4101,255
"부산","2020.12","수영구",6977,332,1893,4238,514
"부산","2020.12","연제구",6951,277,1662,4471,541
"부산","2020.12","영도구",6439,221,1572,4373,273
"부산","2020.12","해운대구",13056,587,3260,8133,1076
"부산","2020.12","부산기타",14,0,10,4,0
"부산","2021.01","금정구",8393,382,2271,5315,425
"부산","2021.01","기장군",5738,301,1637,3369,431
"부산","2021.01","남구",10919,510,2666,7003,740
"부산","2021.01","동구",4441,236,994,2965,246
"부산","2021.01","동래구",8833,429,2365,5441,598
"부산","2021.01","부산진구",17764,622,5932,10191,1019
"부산","2021.01","북구",8833,418,2390,5511,514
"부산","2021.01","사상구",10476,595,2955,6459,467
"부산","2021.01","사하구",12067,540,2872,7941,714
"부산","2021.01","서구",6264,237,1665,4106,256
"부산","2021.01","수영구",6968,330,1898,4229,511
"부산","2021.01","연제구",6953,275,1662,4468,548
"부산","2021.01","영도구",6439,221,1577,4362,279
"부산","2021.01","해운대구",13016,577,3247,8139,1053
"부산","2021.01","부산기타",14,0,10,4,0
"부산","2021.02","금정구",8398,383,2271,5310,434
"부산","2021.02","기장군",5733,296,1636,3365,436
"부산","2021.02","남구",10902,507,2670,6979,746
"부산","2021.02","동구",4428,234,990,2957,247
"부산","2021.02","동래구",8854,427,2362,5448,617
"부산","2021.02","부산진구",17810,620,5928,10222,1040
"부산","2021.02","북구",8825,417,2382,5512,514
"부산","2021.02","사상구",10495,602,2949,6475,469
"부산","2021.02","사하구",12090,539,2873,7959,719
"부산","2021.02","서구",6266,234,1666,4109,257
"부산","2021.02","수영구",6974,327,1893,4251,503
"부산","2021.02","연제구",6962,271,1662,4476,553
"부산","2021.02","영도구",6424,216,1572,4359,277
"부산","2021.02","해운대구",13029,571,3242,8142,1074
"부산","2021.02","부산기타",14,0,10,4,0
"부산","2021.03","금정구",8424,385,2262,5345,432
"부산","2021.03","기장군",5753,296,1640,3392,425
"부산","2021.03","남구",10888,505,2668,6968,747
"부산","2021.03","동구",4429,234,988,2961,246
"부산","2021.03","동래구",8860,425,2353,5459,623
"부산","2021.03","부산진구",17877,633,5923,10267,1054
"부산","2021.03","북구",8878,419,2379,5546,534
"부산","2021.03","사상구",10490,589,2949,6471,481
"부산","2021.03","사하구",12069,529,2863,7946,731
"부산","2021.03","서구",6254,225,1670,4089,270
"부산","2021.03","수영구",6996,324,1888,4278,506
"부산","2021.03","연제구",6940,270,1664,4456,550
"부산","2021.03","영도구",6421,211,1571,4366,273
"부산","2021.03","해운대구",13049,573,3248,8154,1074
"부산","2021.03","부산기타",14,0,10,4,0
"부산","2021.04","금정구",8475,398,2280,5345,452
"부산","2021.04","기장군",5808,294,1651,3419,444
"부산","2021.04","남구",10962,505,2670,7016,771
"부산","2021.04","동구",4454,227,999,2974,254
"부산","2021.04","동래구",8916,428,2374,5476,638
"부산","2021.04","부산진구",18009,631,5958,10323,1097
"부산","2021.04","북구",8953,425,2414,5560,554
"부산","2021.04","사상구",10597,600,2991,6504,502
"부산","2021.04","사하구",12184,535,2906,7991,752
"부산","2021.04","서구",6290,224,1676,4114,276
"부산","2021.04","수영구",7048,322,1897,4306,523
"부산","2021.04","연제구",6960,275,1673,4453,559
"부산","2021.04","영도구",6449,205,1592,4375,277
"부산","2021.04","해운대구",13140,573,3290,8176,1101
"부산","2021.04","부산기타",14,0,10,4,0
"부산","2021.05","금정구",8499,392,2284,5370,453
"부산","2021.05","기장군",5844,296,1659,3428,461
"부산","2021.05","남구",10995,510,2684,7017,784
"부산","2021.05","동구",4468,225,1000,2991,252
"부산","2021.05","동래구",8933,428,2368,5489,648
"부산","2021.05","부산진구",18019,623,5944,10337,1115
"부산","2021.05","북구",8970,425,2430,5557,558
"부산","2021.05","사상구",10598,593,2977,6515,513
"부산","2021.05","사하구",12264,536,2924,8032,772
"부산","2021.05","서구",6272,224,1685,4090,273
"부산","2021.05","수영구",7077,322,1904,4325,526
"부산","2021.05","연제구",6980,272,1673,4456,579
"부산","2021.05","영도구",6485,204,1599,4394,288
"부산","2021.05","해운대구",13187,567,3306,8221,1093
"부산","2021.05","부산기타",14,0,10,4,0
"부산","2021.06","금정구",8499,392,2284,5370,453
"부산","2021.06","기장군",5844,296,1659,3428,461
"부산","2021.06","남구",10995,510,2684,7017,784
"부산","2021.06","동구",4468,225,1000,2991,252
"부산","2021.06","동래구",8933,428,2368,5489,648
"부산","2021.06","부산진구",18019,623,5944,10337,1115
"부산","2021.06","북구",8970,425,2430,5557,558
"부산","2021.06","사상구",10598,593,2977,6515,513
"부산","2021.06","사하구",12264,536,2924,8032,772
"부산","2021.06","서구",6272,224,1685,4090,273
"부산","2021.06","수영구",7077,322,1904,4325,526
"부산","2021.06","연제구",6980,272,1673,4456,579
"부산","2021.06","영도구",6485,204,1599,4394,288
"부산","2021.06","해운대구",13187,567,3306,8221,1093
"부산","2021.06","부산기타",14,0,10,4,0
"부산","2021.07","금정구",8573,387,2307,5404,475
"부산","2021.07","기장군",5857,286,1660,3445,466
"부산","2021.07","남구",11017,487,2675,7043,812
"부산","2021.07","동구",4476,216,999,2989,272
"부산","2021.07","동래구",8950,416,2374,5515,645
"부산","2021.07","부산진구",18111,624,5964,10383,1140
"부산","2021.07","북구",9055,423,2434,5621,577
"부산","2021.07","사상구",10618,581,2975,6520,542
"부산","2021.07","사하구",12302,530,2925,8051,796
"부산","2021.07","서구",6324,221,1694,4135,274
"부산","2021.07","수영구",7191,329,1922,4390,550
"부산","2021.07","연제구",6986,268,1671,4452,595
"부산","2021.07","영도구",6531,201,1604,4430,296
"부산","2021.07","해운대구",13303,560,3300,8304,1139
"부산","2021.07","부산기타",14,0,10,4,0
"부산","2021.08","금정구",8647,397,2326,5439,485
"부산","2021.08","기장군",5838,291,1607,3463,477
"부산","2021.08","남구",11069,490,2690,7068,821
"부산","2021.08","동구",4519,219,1014,2998,288
"부산","2021.08","동래구",8994,417,2393,5528,656
"부산","2021.08","부산진구",18248,633,6003,10443,1169
"부산","2021.08","북구",9121,425,2462,5662,572
"부산","2021.08","사상구",10690,584,3018,6540,548
"부산","2021.08","사하구",12391,537,2967,8083,804
"부산","2021.08","서구",6368,229,1710,4143,286
"부산","2021.08","수영구",7253,339,1930,4425,559
"부산","2021.08","연제구",6996,277,1671,4436,612
"부산","2021.08","영도구",6578,205,1626,4454,293
"부산","2021.08","해운대구",13431,579,3327,8360,1165
"부산","2021.08","부산기타",14,0,10,4,0
"부산","2021.09","금정구",8247,398,2068,5284,497
"부산","2021.09","기장군",5831,293,1579,3468,491
"부산","2021.09","남구",10673,488,2448,6913,824
"부산","2021.09","동구",4544,224,1017,3021,282
"부산","2021.09","동래구",9050,425,2409,5557,659
"부산","2021.09","부산진구",15508,644,3913,9785,1166
"부산","2021.09","북구",9181,442,2473,5668,598
"부산","2021.09","사상구",10776,607,3027,6584,558
"부산","2021.09","사하구",12430,550,2984,8088,808
"부산","2021.09","서구",6392,230,1719,4148,295
"부산","2021.09","수영구",6595,332,1486,4203,574
"부산","2021.09","연제구",7044,281,1684,4462,617
"부산","2021.09","영도구",6586,212,1621,4467,286
"부산","2021.09","해운대구",13500,593,3351,8382,1174
"부산","2021.09","부산기타",13,0,10,3,0
"부산","2021.10","금정구",8278,393,2063,5311,511
"부산","2021.10","기장군",5702,292,1492,3416,502
"부산","2021.10","남구",10735,496,2447,6959,833
"부산","2021.10","동구",4563,222,1011,3040,290
"부산","2021.10","동래구",9045,422,2405,5540,678
"부산","2021.10","부산진구",15556,645,3905,9825,1181
"부산","2021.10","북구",9221,444,2483,5677,617
"부산","2021.10","사상구",10789,607,3025,6592,565
"부산","2021.10","사하구",12457,538,2980,8128,811
"부산","2021.10","서구",6394,223,1725,4157,289
"부산","2021.10","수영구",6635,336,1477,4223,599
"부산","2021.10","연제구",7052,284,1685,4466,617
"부산","2021.10","영도구",6613,208,1626,4482,297
"부산","2021.10","해운대구",13517,591,3342,8394,1190
"부산","2021.10","부산기타",12,0,10,2,0
"부산","2021.11","금정구",8179,391,2017,5253,518
"부산","2021.11","기장군",5534,294,1395,3335,510
"부산","2021.11","남구",10630,497,2390,6911,832
"부산","2021.11","동구",4489,222,961,3013,293
"부산","2021.11","동래구",8604,423,2103,5392,686
"부산","2021.11","부산진구",15379,633,3806,9769,1171
"부산","2021.11","북구",8415,445,1994,5357,619
"부산","2021.11","사상구",10656,610,2994,6490,562
"부산","2021.11","사하구",12441,539,2966,8115,821
"부산","2021.11","서구",5995,217,1480,4004,294
"부산","2021.11","수영구",6616,333,1455,4220,608
"부산","2021.11","연제구",7010,278,1654,4448,630
"부산","2021.11","영도구",6347,211,1454,4379,303
"부산","2021.11","해운대구",12601,591,2907,7913,1190
"부산","2021.11","부산기타",12,0,10,2,0
"부산","2021.12","금정구",8147,385,2005,5238,519
"부산","2021.12","기장군",5568,291,1403,3351,523
"부산","2021.12","남구",10617,495,2388,6900,834
"부산","2021.12","동구",4477,223,954,3014,286
"부산","2021.12","동래구",8606,415,2103,5400,688
"부산","2021.12","부산진구",15324,627,3808,9717,1172
"부산","2021.12","북구",8407,448,1991,5344,624
"부산","2021.12","사상구",10644,605,3007,6467,565
"부산","2021.12","사하구",12350,529,2921,8094,806
"부산","2021.12","서구",5975,220,1481,3972,302
"부산","2021.12","수영구",6603,331,1448,4216,608
"부산","2021.12","연제구",6856,277,1562,4373,644
"부산","2021.12","영도구",6341,208,1455,4377,301
"부산","2021.12","해운대구",12605,584,2913,7916,1192
"부산","2021.12","부산기타",12,0,10,2,0
